District,Grade,Year,Category,Number Tested,Mean Scale Score,Lvl1Cnt,Lvl1Pct,Lvl2Cnt,Lvl2Pct,Lvl3Cnt,Lvl3Pct,Lvl4Cnt,Lvl4Pct,PassCnt,PassPct
1,3,2013,All Students,877,303,310,35.3,266,30.3,224,25.5,77,8.8,301,34.3
1,3,2014,All Students,845,299,333,39.4,213,25.2,232,27.5,67,7.9,299,35.4
1,3,2015,All Students,750,303,264,35.2,205,27.3,191,25.5,90,12.0,281,37.5
1,4,2013,All Students,830,304,238,28.7,306,36.9,169,20.4,117,14.1,286,34.5
1,4,2014,All Students,824,307,222,26.9,274,33.3,174,21.1,154,18.7,328,39.8
1,4,2015,All Students,771,303,226,29.3,265,34.4,143,18.5,137,17.8,280,36.3
1,5,2013,All Students,773,302,267,34.5,270,34.9,144,18.6,92,11.9,236,30.5
1,5,2014,All Students,757,300,264,34.9,237,31.3,144,19.0,112,14.8,256,33.8
1,5,2015,All Students,790,304,251,31.8,228,28.9,160,20.3,151,19.1,311,39.4
1,6,2013,All Students,875,303,248,28.3,342,39.1,90,10.3,195,22.3,285,32.6
1,6,2014,All Students,738,305,183,24.8,299,40.5,82,11.1,174,23.6,256,34.7
1,6,2015,All Students,785,304,228,29.0,262,33.4,112,14.3,183,23.3,295,37.6
1,7,2013,All Students,900,300,332,36.9,293,32.6,159,17.7,116,12.9,275,30.6
1,7,2014,All Students,812,304,236,29.1,247,30.4,222,27.3,107,13.2,329,40.5
1,7,2015,All Students,736,299,243,33.0,231,31.4,176,23.9,86,11.7,262,35.6
1,8,2013,All Students,811,299,274,33.8,264,32.6,150,18.5,123,15.2,273,33.7
1,8,2014,All Students,857,304,218,25.4,313,36.5,182,21.2,144,16.8,326,38.0
1,8,2015,All Students,809,302,226,27.9,235,29.0,212,26.2,136,16.8,348,43.0
1,All Grades,2013,All Students,5066,302,1669,32.9,1741,34.4,936,18.5,720,14.2,1656,32.7
1,All Grades,2014,All Students,4833,303,1456,30.1,1583,32.8,1036,21.4,758,15.7,1794,37.1
1,All Grades,2015,All Students,4641,303,1438,31.0,1426,30.7,994,21.4,783,16.9,1777,38.3
2,3,2013,All Students,2683,315,527,19.6,780,29.1,1166,43.5,210,7.8,1376,51.3
2,3,2014,All Students,2803,317,500,17.8,715,25.5,1322,47.2,266,9.5,1588,56.7
2,3,2015,All Students,2800,320,422,15.1,825,29.5,1227,43.8,326,11.6,1553,55.5
2,4,2013,All Students,2583,318,348,13.5,819,31.7,799,30.9,617,23.9,1416,54.8
2,4,2014,All Students,2608,321,350,13.4,696,26.7,854,32.7,708,27.1,1562,59.9
2,4,2015,All Students,2718,325,274,10.1,689,25.3,856,31.5,899,33.1,1755,64.6
2,5,2013,All Students,2433,321,352,14.5,687,28.2,825,33.9,569,23.4,1394,57.3
2,5,2014,All Students,2541,320,407,16.0,695,27.4,742,29.2,697,27.4,1439,56.6
2,5,2015,All Students,2529,321,348,13.8,705,27.9,795,31.4,681,26.9,1476,58.4
2,6,2013,All Students,2215,317,316,14.3,715,32.3,523,23.6,661,29.8,1184,53.5
2,6,2014,All Students,2275,317,273,12.0,823,36.2,518,22.8,661,29.1,1179,51.8
2,6,2015,All Students,2360,320,306,13.0,704,29.8,523,22.2,827,35.0,1350,57.2
2,7,2013,All Students,2354,315,435,18.5,701,29.8,805,34.2,413,17.5,1218,51.7
2,7,2014,All Students,2195,315,351,16.0,631,28.7,863,39.3,350,15.9,1213,55.3
2,7,2015,All Students,2265,316,345,15.2,603,26.6,964,42.6,353,15.6,1317,58.1
2,8,2013,All Students,2216,316,336,15.2,640,28.9,774,34.9,466,21.0,1240,56.0
2,8,2014,All Students,2352,313,354,15.1,779,33.1,789,33.5,430,18.3,1219,51.8
2,8,2015,All Students,2227,317,274,12.3,608,27.3,854,38.3,491,22.0,1345,60.4
2,All Grades,2013,All Students,14484,317,2314,16.0,4342,30.0,4892,33.8,2936,20.3,7828,54.0
2,All Grades,2014,All Students,14774,317,2235,15.1,4339,29.4,5088,34.4,3112,21.1,8200,55.5
2,All Grades,2015,All Students,14899,320,1969,13.2,4134,27.7,5219,35.0,3577,24.0,8796,59.0
3,3,2013,All Students,1502,314,386,25.7,385,25.6,537,35.8,194,12.9,731,48.7
3,3,2014,All Students,1406,309,394,28.0,379,27.0,488,34.7,145,10.3,633,45.0
3,3,2015,All Students,1278,312,323,25.3,366,28.6,436,34.1,153,12.0,589,46.1
3,4,2013,All Students,1303,310,310,23.8,412,31.6,328,25.2,253,19.4,581,44.6
3,4,2014,All Students,1428,318,266,18.6,391,27.4,344,24.1,427,29.9,771,54.0
3,4,2015,All Students,1313,317,262,20.0,353,26.9,318,24.2,380,28.9,698,53.2
3,5,2013,All Students,1397,309,404,28.9,416,29.8,329,23.6,248,17.8,577,41.3
3,5,2014,All Students,1276,314,311,24.4,360,28.2,275,21.6,330,25.9,605,47.4
3,5,2015,All Students,1339,318,250,18.7,392,29.3,353,26.4,344,25.7,697,52.1
3,6,2013,All Students,1332,304,351,26.4,515,38.7,198,14.9,268,20.1,466,35.0
3,6,2014,All Students,1355,310,285,21.0,512,37.8,211,15.6,347,25.6,558,41.2
3,6,2015,All Students,1279,314,231,18.1,423,33.1,241,18.8,384,30.0,625,48.9
3,7,2013,All Students,1326,308,363,27.4,430,32.4,332,25.0,201,15.2,533,40.2
3,7,2014,All Students,1271,307,314,24.7,429,33.8,362,28.5,166,13.1,528,41.5
3,7,2015,All Students,1314,310,307,23.4,385,29.3,425,32.3,197,15.0,622,47.3
3,8,2013,All Students,1260,304,340,27.0,426,33.8,317,25.2,177,14.0,494,39.2
3,8,2014,All Students,1323,306,305,23.1,470,35.5,336,25.4,212,16.0,548,41.4
3,8,2015,All Students,1215,310,211,17.4,426,35.1,379,31.2,199,16.4,578,47.6
3,All Grades,2013,All Students,8120,308,2154,26.5,2584,31.8,2041,25.1,1341,16.5,3382,41.7
3,All Grades,2014,All Students,8059,311,1875,23.3,2541,31.5,2016,25.0,1627,20.2,3643,45.2
3,All Grades,2015,All Students,7738,314,1584,20.5,2345,30.3,2152,27.8,1657,21.4,3809,49.2
4,3,2013,All Students,1054,293,468,44.4,364,34.5,186,17.6,36,3.4,222,21.1
4,3,2014,All Students,976,296,392,40.2,305,31.3,225,23.1,54,5.5,279,28.6
4,3,2015,All Students,963,297,388,40.3,305,31.7,210,21.8,60,6.2,270,28.0
4,4,2013,All Students,1084,297,364,33.6,436,40.2,188,17.3,96,8.9,284,26.2
4,4,2014,All Students,1019,291,426,41.8,381,37.4,152,14.9,60,5.9,212,20.8
4,4,2015,All Students,969,296,335,34.6,388,40.0,149,15.4,97,10.0,246,25.4
4,5,2013,All Students,1054,293,453,43.0,386,36.6,153,14.5,62,5.9,215,20.4
4,5,2014,All Students,1029,294,423,41.1,367,35.7,162,15.7,77,7.5,239,23.2
4,5,2015,All Students,950,291,428,45.1,310,32.6,151,15.9,61,6.4,212,22.3
4,6,2013,All Students,1010,289,391,38.7,457,45.2,98,9.7,64,6.3,162,16.0
4,6,2014,All Students,992,288,402,40.5,411,41.4,105,10.6,74,7.5,179,18.0
4,6,2015,All Students,1003,293,368,36.7,429,42.8,110,11.0,96,9.6,206,20.5
4,7,2013,All Students,1066,291,430,40.3,436,40.9,161,15.1,39,3.7,200,18.8
4,7,2014,All Students,999,291,387,38.7,413,41.3,162,16.2,37,3.7,199,19.9
4,7,2015,All Students,993,288,463,46.6,333,33.5,172,17.3,25,2.5,197,19.8
4,8,2013,All Students,1094,288,460,42.0,423,38.7,166,15.2,45,4.1,211,19.3
4,8,2014,All Students,1034,291,363,35.1,439,42.5,167,16.2,65,6.3,232,22.4
4,8,2015,All Students,986,294,290,29.4,445,45.1,203,20.6,48,4.9,251,25.5
4,All Grades,2013,All Students,6362,292,2566,40.3,2502,39.3,952,15.0,342,5.4,1294,20.3
4,All Grades,2014,All Students,6049,292,2393,39.6,2316,38.3,973,16.1,367,6.1,1340,22.2
4,All Grades,2015,All Students,5864,293,2272,38.7,2210,37.7,995,17.0,387,6.6,1382,23.6
5,3,2013,All Students,952,282,535,56.2,289,30.4,119,12.5,9,0.9,128,13.4
5,3,2014,All Students,925,278,517,55.9,283,30.6,120,13.0,5,0.5,125,13.5
5,3,2015,All Students,834,283,451,54.1,248,29.7,123,14.7,12,1.4,135,16.2
5,4,2013,All Students,913,281,463,50.7,343,37.6,87,9.5,20,2.2,107,11.7
5,4,2014,All Students,894,283,427,47.8,324,36.2,118,13.2,25,2.8,143,16.0
5,4,2015,All Students,898,283,425,47.3,356,39.6,90,10.0,27,3.0,117,13.0
5,5,2013,All Students,853,281,486,57.0,272,31.9,79,9.3,16,1.9,95,11.1
5,5,2014,All Students,774,283,417,53.9,256,33.1,75,9.7,26,3.4,101,13.0
5,5,2015,All Students,826,280,440,53.3,292,35.4,77,9.3,17,2.1,94,11.4
5,6,2013,All Students,947,282,460,48.6,355,37.5,72,7.6,60,6.3,132,13.9
5,6,2014,All Students,895,283,407,45.5,348,38.9,69,7.7,71,7.9,140,15.6
5,6,2015,All Students,827,286,381,46.1,289,34.9,79,9.6,78,9.4,157,19.0
5,7,2013,All Students,964,285,480,49.8,339,35.2,113,11.7,32,3.3,145,15.0
5,7,2014,All Students,951,283,481,50.6,311,32.7,127,13.4,32,3.4,159,16.7
5,7,2015,All Students,900,283,473,52.6,285,31.7,120,13.3,22,2.4,142,15.8
5,8,2013,All Students,1039,280,541,52.1,345,33.2,117,11.3,36,3.5,153,14.7
5,8,2014,All Students,987,284,469,47.5,351,35.6,121,12.3,46,4.7,167,16.9
5,8,2015,All Students,955,286,402,42.1,343,35.9,169,17.7,41,4.3,210,22.0
5,All Grades,2013,All Students,5668,282,2965,52.3,1943,34.3,587,10.4,173,3.1,760,13.4
5,All Grades,2014,All Students,5426,283,2718,50.1,1873,34.5,630,11.6,205,3.8,835,15.4
5,All Grades,2015,All Students,5240,284,2572,49.1,1813,34.6,658,12.6,197,3.8,855,16.3
6,3,2013,All Students,2080,286,1093,52.5,618,29.7,339,16.3,30,1.4,369,17.7
6,3,2014,All Students,2015,286,1013,50.3,621,30.8,355,17.6,26,1.3,381,18.9
6,3,2015,All Students,1857,287,905,48.7,589,31.7,324,17.4,39,2.1,363,19.5
6,4,2013,All Students,2093,284,947,45.2,866,41.4,220,10.5,60,2.9,280,13.4
6,4,2014,All Students,2028,286,926,45.7,719,35.5,305,15.0,78,3.8,383,18.9
6,4,2015,All Students,1937,289,794,41.0,774,40.0,273,14.1,96,5.0,369,19.1
6,5,2013,All Students,1695,288,761,44.9,645,38.1,231,13.6,58,3.4,289,17.1
6,5,2014,All Students,1650,285,799,48.4,588,35.6,205,12.4,58,3.5,263,15.9
6,5,2015,All Students,1618,286,727,44.9,587,36.3,224,13.8,80,4.9,304,18.8
6,6,2013,All Students,1786,281,834,46.7,756,42.3,145,8.1,51,2.9,196,11.0
6,6,2014,All Students,1619,285,614,37.9,787,48.6,160,9.9,58,3.6,218,13.5
6,6,2015,All Students,1612,285,679,42.1,669,41.5,175,10.9,89,5.5,264,16.4
6,7,2013,All Students,1880,283,934,49.7,697,37.1,209,11.1,40,2.1,249,13.2
6,7,2014,All Students,1812,285,830,45.8,707,39.0,256,14.1,19,1.0,275,15.2
6,7,2015,All Students,1634,282,768,47.0,607,37.1,232,14.2,27,1.7,259,15.9
6,8,2013,All Students,1922,280,971,50.5,700,36.4,205,10.7,46,2.4,251,13.1
6,8,2014,All Students,1933,285,786,40.7,806,41.7,266,13.8,75,3.9,341,17.6
6,8,2015,All Students,1799,288,686,38.1,735,40.9,316,17.6,62,3.4,378,21.0
6,All Grades,2013,All Students,11456,284,5540,48.4,4282,37.4,1349,11.8,285,2.5,1634,14.3
6,All Grades,2014,All Students,11057,285,4968,44.9,4228,38.2,1547,14.0,314,2.8,1861,16.8
6,All Grades,2015,All Students,10457,286,4559,43.6,3961,37.9,1544,14.8,393,3.8,1937,18.5
7,3,2013,All Students,1392,279,852,61.2,397,28.5,135,9.7,8,0.6,143,10.3
7,3,2014,All Students,1356,276,846,62.4,382,28.2,123,9.1,5,0.4,128,9.4
7,3,2015,All Students,1251,284,671,53.6,392,31.3,170,13.6,18,1.4,188,15.0
7,4,2013,All Students,1356,278,747,55.1,487,35.9,105,7.7,17,1.3,122,9.0
7,4,2014,All Students,1315,278,757,57.6,408,31.0,136,10.3,14,1.1,150,11.4
7,4,2015,All Students,1344,281,683,50.8,502,37.4,134,10.0,25,1.9,159,11.8
7,5,2013,All Students,1257,281,721,57.4,415,33.0,109,8.7,12,1.0,121,9.6
7,5,2014,All Students,1267,279,727,57.4,412,32.5,110,8.7,18,1.4,128,10.1
7,5,2015,All Students,1238,280,698,56.4,414,33.4,110,8.9,16,1.3,126,10.2
7,6,2013,All Students,1348,277,753,55.9,485,36.0,86,6.4,24,1.8,110,8.2
7,6,2014,All Students,1343,278,660,49.1,575,42.8,79,5.9,29,2.2,108,8.0
7,6,2015,All Students,1254,280,631,50.3,491,39.2,91,7.3,41,3.3,132,10.5
7,7,2013,All Students,1311,277,804,61.3,401,30.6,100,7.6,6,0.5,106,8.1
7,7,2014,All Students,1348,276,795,59.0,446,33.1,100,7.4,7,0.5,107,7.9
7,7,2015,All Students,1318,276,799,60.6,410,31.1,104,7.9,5,0.4,109,8.3
7,8,2013,All Students,1408,275,802,57.0,474,33.7,113,8.0,19,1.3,132,9.4
7,8,2014,All Students,1337,276,732,54.7,492,36.8,102,7.6,11,0.8,113,8.5
7,8,2015,All Students,1334,279,647,48.5,550,41.2,125,9.4,12,0.9,137,10.3
7,All Grades,2013,All Students,8072,278,4679,58.0,2659,32.9,648,8.0,86,1.1,734,9.1
7,All Grades,2014,All Students,7966,277,4517,56.7,2715,34.1,650,8.2,84,1.1,734,9.2
7,All Grades,2015,All Students,7739,280,4129,53.4,2759,35.7,734,9.5,117,1.5,851,11.0
8,3,2013,All Students,2116,288,1028,48.6,702,33.2,369,17.4,17,0.8,386,18.2
8,3,2014,All Students,2272,288,1079,47.5,730,32.1,435,19.1,28,1.2,463,20.4
8,3,2015,All Students,2200,290,1013,46.0,760,34.5,373,17.0,54,2.5,427,19.4
8,4,2013,All Students,2215,288,931,42.0,921,41.6,278,12.6,85,3.8,363,16.4
8,4,2014,All Students,2069,290,820,39.6,827,40.0,330,15.9,92,4.4,422,20.4
8,4,2015,All Students,2239,290,888,39.7,874,39.0,349,15.6,128,5.7,477,21.3
8,5,2013,All Students,2282,289,1043,45.7,811,35.5,357,15.6,71,3.1,428,18.8
8,5,2014,All Students,2209,289,1014,45.9,801,36.3,305,13.8,89,4.0,394,17.8
8,5,2015,All Students,2035,290,883,43.4,749,36.8,294,14.4,109,5.4,403,19.8
8,6,2013,All Students,2217,283,1016,45.8,908,41.0,200,9.0,93,4.2,293,13.2
8,6,2014,All Students,2110,284,915,43.4,894,42.4,185,8.8,116,5.5,301,14.3
8,6,2015,All Students,2029,289,835,41.2,807,39.8,233,11.5,154,7.6,387,19.1
8,7,2013,All Students,2269,284,1116,49.2,819,36.1,303,13.4,31,1.4,334,14.7
8,7,2014,All Students,2179,282,1098,50.4,754,34.6,292,13.4,35,1.6,327,15.0
8,7,2015,All Students,2122,283,1142,53.8,649,30.6,292,13.8,39,1.8,331,15.6
8,8,2013,All Students,2325,279,1214,52.2,795,34.2,266,11.4,50,2.2,316,13.6
8,8,2014,All Students,2281,285,928,40.7,953,41.8,327,14.3,73,3.2,400,17.5
8,8,2015,All Students,2147,286,882,41.1,823,38.3,364,17.0,78,3.6,442,20.6
8,All Grades,2013,All Students,13424,285,6348,47.3,4956,36.9,1773,13.2,347,2.6,2120,15.8
8,All Grades,2014,All Students,13120,286,5854,44.6,4959,37.8,1874,14.3,433,3.3,2307,17.6
8,All Grades,2015,All Students,12772,288,5643,44.2,4662,36.5,1905,14.9,562,4.4,2467,19.3
9,3,2013,All Students,2964,280,1728,58.3,881,29.7,345,11.6,10,0.3,355,12.0
9,3,2014,All Students,2957,279,1701,57.5,875,29.6,369,12.5,12,0.4,381,12.9
9,3,2015,All Students,2939,282,1580,53.8,953,32.4,378,12.9,28,1.0,406,13.8
9,4,2013,All Students,2775,279,1500,54.1,987,35.6,222,8.0,66,2.4,288,10.4
9,4,2014,All Students,2794,282,1392,49.8,1006,36.0,328,11.7,68,2.4,396,14.2
9,4,2015,All Students,2904,281,1450,49.9,1068,36.8,323,11.1,63,2.2,386,13.3
9,5,2013,All Students,2684,285,1387,51.7,943,35.1,295,11.0,59,2.2,354,13.2
9,5,2014,All Students,2659,280,1532,57.6,855,32.2,201,7.6,71,2.7,272,10.2
9,5,2015,All Students,2682,280,1464,54.6,895,33.4,252,9.4,71,2.6,323,12.0
9,6,2013,All Students,2856,278,1532,53.6,1099,38.5,175,6.1,50,1.8,225,7.9
9,6,2014,All Students,2772,280,1291,46.6,1191,43.0,202,7.3,88,3.2,290,10.5
9,6,2015,All Students,2663,281,1338,50.2,1010,37.9,206,7.7,109,4.1,315,11.8
9,7,2013,All Students,2906,280,1584,54.5,1015,34.9,277,9.5,30,1.0,307,10.6
9,7,2014,All Students,2799,280,1488,53.2,994,35.5,287,10.3,30,1.1,317,11.3
9,7,2015,All Students,2793,279,1545,55.3,924,33.1,290,10.4,34,1.2,324,11.6
9,8,2013,All Students,2909,276,1599,55.0,1033,35.5,244,8.4,33,1.1,277,9.5
9,8,2014,All Students,2918,280,1397,47.9,1155,39.6,302,10.3,64,2.2,366,12.5
9,8,2015,All Students,2760,281,1230,44.6,1112,40.3,360,13.0,58,2.1,418,15.1
9,All Grades,2013,All Students,17094,280,9330,54.6,5958,34.9,1558,9.1,248,1.5,1806,10.6
9,All Grades,2014,All Students,16899,280,8801,52.1,6076,36.0,1689,10.0,333,2.0,2022,12.0
9,All Grades,2015,All Students,16741,281,8607,51.4,5962,35.6,1809,10.8,363,2.2,2172,13.0
10,3,2013,All Students,4111,290,1964,47.8,1390,33.8,690,16.8,67,1.6,757,18.4
10,3,2014,All Students,4150,286,2085,50.2,1323,31.9,677,16.3,65,1.6,742,17.9
10,3,2015,All Students,4246,289,2022,47.6,1387,32.7,742,17.5,95,2.2,837,19.7
10,4,2013,All Students,4066,287,1796,44.2,1562,38.4,551,13.6,157,3.9,708,17.4
10,4,2014,All Students,4043,287,1793,44.3,1482,36.7,589,14.6,179,4.4,768,19.0
10,4,2015,All Students,4122,287,1790,43.4,1557,37.8,571,13.9,204,4.9,775,18.8
10,5,2013,All Students,3805,288,1813,47.6,1345,35.3,492,12.9,155,4.1,647,17.0
10,5,2014,All Students,3990,287,1934,48.5,1362,34.1,542,13.6,152,3.8,694,17.4
10,5,2015,All Students,3956,287,1858,47.0,1435,36.3,494,12.5,169,4.3,663,16.8
10,6,2013,All Students,3738,284,1731,46.3,1503,40.2,347,9.3,157,4.2,504,13.5
10,6,2014,All Students,3707,284,1590,42.9,1607,43.4,322,8.7,188,5.1,510,13.8
10,6,2015,All Students,3696,287,1533,41.5,1522,41.2,413,11.2,228,6.2,641,17.3
10,7,2013,All Students,3879,285,1878,48.4,1407,36.3,501,12.9,93,2.4,594,15.3
10,7,2014,All Students,3647,283,1825,50.0,1292,35.4,467,12.8,63,1.7,530,14.5
10,7,2015,All Students,3643,284,1839,50.5,1236,33.9,505,13.9,63,1.7,568,15.6
10,8,2013,All Students,3779,282,1809,47.9,1411,37.3,482,12.8,77,2.0,559,14.8
10,8,2014,All Students,3956,286,1635,41.3,1613,40.8,571,14.4,137,3.5,708,17.9
10,8,2015,All Students,3623,287,1447,39.9,1433,39.6,630,17.4,113,3.1,743,20.5
10,All Grades,2013,All Students,23378,286,10991,47.0,8618,36.9,3063,13.1,706,3.0,3769,16.1
10,All Grades,2014,All Students,23493,285,10862,46.2,8679,36.9,3168,13.5,784,3.3,3952,16.8
10,All Grades,2015,All Students,23286,287,10489,45.0,8570,36.8,3355,14.4,872,3.7,4227,18.2
11,3,2013,All Students,3215,293,1407,43.8,1132,35.2,629,19.6,47,1.5,676,21.0
11,3,2014,All Students,3246,291,1404,43.3,1114,34.3,673,20.7,55,1.7,728,22.4
11,3,2015,All Students,3176,291,1430,45.0,1054,33.2,616,19.4,76,2.4,692,21.8
11,4,2013,All Students,3073,292,1151,37.5,1303,42.4,489,15.9,130,4.2,619,20.1
11,4,2014,All Students,3143,292,1220,38.8,1207,38.4,526,16.7,190,6.0,716,22.8
11,4,2015,All Students,3239,293,1207,37.3,1303,40.2,543,16.8,186,5.7,729,22.5
11,5,2013,All Students,3111,294,1240,39.9,1230,39.5,501,16.1,140,4.5,641,20.6
11,5,2014,All Students,3095,290,1380,44.6,1132,36.6,450,14.5,133,4.3,583,18.8
11,5,2015,All Students,3051,291,1268,41.6,1161,38.1,462,15.1,160,5.2,622,20.4
11,6,2013,All Students,3149,286,1354,43.0,1336,42.4,299,9.5,160,5.1,459,14.6
11,6,2014,All Students,2978,289,1054,35.4,1410,47.3,314,10.5,200,6.7,514,17.3
11,6,2015,All Students,2903,291,1084,37.3,1247,43.0,375,12.9,197,6.8,572,19.7
11,7,2013,All Students,3095,288,1395,45.1,1191,38.5,421,13.6,88,2.8,509,16.4
11,7,2014,All Students,3179,284,1545,48.6,1131,35.6,436,13.7,67,2.1,503,15.8
11,7,2015,All Students,3018,288,1317,43.6,1128,37.4,508,16.8,65,2.2,573,19.0
11,8,2013,All Students,3083,285,1388,45.0,1157,37.5,429,13.9,109,3.5,538,17.5
11,8,2014,All Students,3136,288,1191,38.0,1335,42.6,503,16.0,107,3.4,610,19.5
11,8,2015,All Students,3159,291,1071,33.9,1330,42.1,615,19.5,143,4.5,758,24.0
11,All Grades,2013,All Students,18726,290,7935,42.4,7349,39.2,2768,14.8,674,3.6,3442,18.4
11,All Grades,2014,All Students,18777,289,7794,41.5,7329,39.0,2902,15.5,752,4.0,3654,19.5
11,All Grades,2015,All Students,18546,291,7377,39.8,7223,38.9,3119,16.8,827,4.5,3946,21.3
12,3,2013,All Students,1837,283,1000,54.4,603,32.8,225,12.2,9,0.5,234,12.7
12,3,2014,All Students,1967,279,1143,58.1,574,29.2,240,12.2,10,0.5,250,12.7
12,3,2015,All Students,1820,280,1046,57.5,557,30.6,207,11.4,10,0.5,217,11.9
12,4,2013,All Students,1769,281,887,50.1,686,38.8,176,9.9,20,1.1,196,11.1
12,4,2014,All Students,1774,280,926,52.2,624,35.2,188,10.6,36,2.0,224,12.6
12,4,2015,All Students,1914,282,917,47.9,731,38.2,214,11.2,52,2.7,266,13.9
12,5,2013,All Students,1754,282,986,56.2,562,32.0,181,10.3,25,1.4,206,11.7
12,5,2014,All Students,1740,279,1010,58.0,555,31.9,149,8.6,26,1.5,175,10.1
12,5,2015,All Students,1698,279,964,56.8,556,32.7,145,8.5,33,1.9,178,10.5
12,6,2013,All Students,1769,278,917,51.8,709,40.1,105,5.9,38,2.1,143,8.1
12,6,2014,All Students,1679,279,834,49.7,710,42.3,98,5.8,37,2.2,135,8.0
12,6,2015,All Students,1659,282,798,48.1,663,40.0,143,8.6,55,3.3,198,11.9
12,7,2013,All Students,1765,278,1003,56.8,611,34.6,141,8.0,10,0.6,151,8.6
12,7,2014,All Students,1780,278,1006,56.5,590,33.1,169,9.5,15,0.8,184,10.3
12,7,2015,All Students,1677,277,992,59.2,534,31.8,141,8.4,10,0.6,151,9.0
12,8,2013,All Students,1761,275,1019,57.9,567,32.2,148,8.4,27,1.5,175,9.9
12,8,2014,All Students,1719,279,844,49.1,674,39.2,174,10.1,27,1.6,201,11.7
12,8,2015,All Students,1717,281,786,45.8,688,40.1,220,12.8,23,1.3,243,14.2
12,All Grades,2013,All Students,10655,279,5812,54.5,3738,35.1,976,9.2,129,1.2,1105,10.4
12,All Grades,2014,All Students,10659,279,5763,54.1,3727,35.0,1018,9.6,151,1.4,1169,11.0
12,All Grades,2015,All Students,10485,280,5503,52.5,3729,35.6,1070,10.2,183,1.7,1253,12.0
13,3,2013,All Students,1118,297,471,42.1,325,29.1,274,24.5,48,4.3,322,28.8
13,3,2014,All Students,1073,296,418,39.0,333,31.0,264,24.6,58,5.4,322,30.0
13,3,2015,All Students,1062,294,453,42.7,287,27.0,279,26.3,43,4.0,322,30.3
13,4,2013,All Students,1040,296,355,34.1,414,39.8,185,17.8,86,8.3,271,26.1
13,4,2014,All Students,1032,298,360,34.9,357,34.6,188,18.2,127,12.3,315,30.5
13,4,2015,All Students,965,299,304,31.5,346,35.9,191,19.8,124,12.8,315,32.6
13,5,2013,All Students,988,299,348,35.2,367,37.1,209,21.2,64,6.5,273,27.6
13,5,2014,All Students,924,300,313,33.9,311,33.7,192,20.8,108,11.7,300,32.5
13,5,2015,All Students,905,298,311,34.4,324,35.8,180,19.9,90,9.9,270,29.8
13,6,2013,All Students,925,291,339,36.6,420,45.4,116,12.5,50,5.4,166,17.9
13,6,2014,All Students,801,291,280,35.0,383,47.8,77,9.6,61,7.6,138,17.2
13,6,2015,All Students,712,287,315,44.2,272,38.2,76,10.7,49,6.9,125,17.6
13,7,2013,All Students,974,290,415,42.6,385,39.5,150,15.4,24,2.5,174,17.9
13,7,2014,All Students,935,288,422,45.1,352,37.6,141,15.1,20,2.1,161,17.2
13,7,2015,All Students,743,288,334,45.0,286,38.5,106,14.3,17,2.3,123,16.6
13,8,2013,All Students,1028,287,449,43.7,379,36.9,162,15.8,38,3.7,200,19.5
13,8,2014,All Students,956,289,342,35.8,419,43.8,163,17.1,32,3.3,195,20.4
13,8,2015,All Students,785,288,292,37.2,339,43.2,132,16.8,22,2.8,154,19.6
13,All Grades,2013,All Students,6073,293,2377,39.1,2290,37.7,1096,18.0,310,5.1,1406,23.2
13,All Grades,2014,All Students,5721,294,2135,37.3,2155,37.7,1025,17.9,406,7.1,1431,25.0
13,All Grades,2015,All Students,5172,293,2009,38.8,1854,35.8,964,18.6,345,6.7,1309,25.3
14,3,2013,All Students,1234,299,437,35.4,467,37.8,288,23.3,42,3.4,330,26.7
14,3,2014,All Students,1141,299,406,35.6,356,31.2,317,27.8,62,5.4,379,33.2
14,3,2015,All Students,1173,299,423,36.1,404,34.4,269,22.9,77,6.6,346,29.5
14,4,2013,All Students,1250,296,438,35.0,500,40.0,232,18.6,80,6.4,312,25.0
14,4,2014,All Students,1227,299,371,30.2,504,41.1,243,19.8,109,8.9,352,28.7
14,4,2015,All Students,1097,299,334,30.4,419,38.2,231,21.1,113,10.3,344,31.4
14,5,2013,All Students,1192,295,483,40.5,422,35.4,221,18.5,66,5.5,287,24.1
14,5,2014,All Students,1151,296,427,37.1,419,36.4,213,18.5,92,8.0,305,26.5
14,5,2015,All Students,1090,297,387,35.5,415,38.1,203,18.6,85,7.8,288,26.4
14,6,2013,All Students,1245,290,465,37.3,530,42.6,160,12.9,90,7.2,250,20.1
14,6,2014,All Students,1190,288,441,37.1,542,45.5,120,10.1,87,7.3,207,17.4
14,6,2015,All Students,1201,295,391,32.6,522,43.5,157,13.1,131,10.9,288,24.0
14,7,2013,All Students,1294,291,513,39.6,532,41.1,202,15.6,47,3.6,249,19.2
14,7,2014,All Students,1238,289,536,43.3,437,35.3,224,18.1,41,3.3,265,21.4
14,7,2015,All Students,1147,290,507,44.2,386,33.7,205,17.9,49,4.3,254,22.1
14,8,2013,All Students,1292,288,540,41.8,492,38.1,205,15.9,55,4.3,260,20.1
14,8,2014,All Students,1270,291,438,34.5,534,42.0,235,18.5,63,5.0,298,23.5
14,8,2015,All Students,1192,293,382,32.0,499,41.9,258,21.6,53,4.4,311,26.1
14,All Grades,2013,All Students,7507,293,2876,38.3,2943,39.2,1308,17.4,380,5.1,1688,22.5
14,All Grades,2014,All Students,7217,294,2619,36.3,2792,38.7,1352,18.7,454,6.3,1806,25.0
14,All Grades,2015,All Students,6900,296,2424,35.1,2645,38.3,1323,19.2,508,7.4,1831,26.5
15,3,2013,All Students,2690,308,763,28.4,789,29.3,966,35.9,172,6.4,1138,42.3
15,3,2014,All Students,2694,307,782,29.0,742,27.5,962,35.7,208,7.7,1170,43.4
15,3,2015,All Students,2526,307,696,27.6,783,31.0,836,33.1,211,8.4,1047,41.4
15,4,2013,All Students,2495,306,638,25.6,853,34.2,611,24.5,393,15.8,1004,40.2
15,4,2014,All Students,2576,308,651,25.3,783,30.4,656,25.5,486,18.9,1142,44.3
15,4,2015,All Students,2442,310,573,23.5,747,30.6,621,25.4,501,20.5,1122,45.9
15,5,2013,All Students,2372,306,699,29.5,745,31.4,601,25.3,327,13.8,928,39.1
15,5,2014,All Students,2330,309,597,25.6,724,31.1,565,24.2,444,19.1,1009,43.3
15,5,2015,All Students,2129,306,598,28.1,647,30.4,540,25.4,344,16.2,884,41.5
15,6,2013,All Students,1735,304,468,27.0,653,37.6,262,15.1,352,20.3,614,35.4
15,6,2014,All Students,1712,305,397,23.2,705,41.2,258,15.1,352,20.6,610,35.6
15,6,2015,All Students,1639,310,341,20.8,580,35.4,325,19.8,393,24.0,718,43.8
15,7,2013,All Students,1676,305,493,29.4,557,33.2,397,23.7,229,13.7,626,37.4
15,7,2014,All Students,1668,305,455,27.3,552,33.1,461,27.6,200,12.0,661,39.6
15,7,2015,All Students,1629,306,445,27.3,490,30.1,500,30.7,194,11.9,694,42.6
15,8,2013,All Students,1598,298,487,30.5,568,35.5,366,22.9,177,11.1,543,34.0
15,8,2014,All Students,1608,304,398,24.8,570,35.4,398,24.8,242,15.0,640,39.8
15,8,2015,All Students,1492,307,319,21.4,498,33.4,449,30.1,226,15.1,675,45.2
15,All Grades,2013,All Students,12566,305,3548,28.2,4165,33.1,3203,25.5,1650,13.1,4853,38.6
15,All Grades,2014,All Students,12588,307,3280,26.1,4076,32.4,3300,26.2,1932,15.3,5232,41.6
15,All Grades,2015,All Students,11857,308,2972,25.1,3745,31.6,3271,27.6,1869,15.8,5140,43.3
16,3,2013,All Students,758,286,396,52.2,258,34.0,97,12.8,7,0.9,104,13.7
16,3,2014,All Students,719,287,341,47.4,220,30.6,149,20.7,9,1.3,158,22.0
16,3,2015,All Students,630,287,307,48.7,211,33.5,105,16.7,7,1.1,112,17.8
16,4,2013,All Students,770,289,314,40.8,310,40.3,116,15.1,30,3.9,146,19.0
16,4,2014,All Students,699,288,297,42.5,261,37.3,113,16.2,28,4.0,141,20.2
16,4,2015,All Students,645,291,249,38.6,234,36.3,114,17.7,48,7.4,162,25.1
16,5,2013,All Students,739,288,348,47.1,265,35.9,106,14.3,20,2.7,126,17.1
16,5,2014,All Students,617,285,291,47.2,221,35.8,83,13.5,22,3.6,105,17.0
16,5,2015,All Students,583,283,297,50.9,222,38.1,49,8.4,15,2.6,64,11.0
16,6,2013,All Students,608,277,322,53.0,232,38.2,44,7.2,10,1.6,54,8.9
16,6,2014,All Students,533,283,228,42.8,248,46.5,39,7.3,18,3.4,57,10.7
16,6,2015,All Students,451,283,201,44.6,182,40.4,48,10.6,20,4.4,68,15.1
16,7,2013,All Students,684,280,375,54.8,238,34.8,63,9.2,8,1.2,71,10.4
16,7,2014,All Students,572,281,295,51.6,210,36.7,56,9.8,11,1.9,67,11.7
16,7,2015,All Students,530,281,281,53.0,177,33.4,68,12.8,4,0.8,72,13.6
16,8,2013,All Students,697,274,411,59.0,219,31.4,59,8.5,8,1.1,67,9.6
16,8,2014,All Students,682,280,329,48.2,266,39.0,74,10.9,13,1.9,87,12.8
16,8,2015,All Students,530,286,229,43.2,205,38.7,80,15.1,16,3.0,96,18.1
16,All Grades,2013,All Students,4256,283,2166,50.9,1522,35.8,485,11.4,83,2.0,568,13.3
16,All Grades,2014,All Students,3822,284,1781,46.6,1426,37.3,514,13.4,101,2.6,615,16.1
16,All Grades,2015,All Students,3369,285,1564,46.4,1231,36.5,464,13.8,110,3.3,574,17.0
17,3,2013,All Students,1721,289,810,47.1,606,35.2,285,16.6,20,1.2,305,17.7
17,3,2014,All Students,1663,289,763,45.9,550,33.1,323,19.4,27,1.6,350,21.0
17,3,2015,All Students,1598,292,698,43.7,529,33.1,335,21.0,36,2.3,371,23.2
17,4,2013,All Students,1775,291,699,39.4,756,42.6,250,14.1,70,3.9,320,18.0
17,4,2014,All Students,1559,294,555,35.6,635,40.7,279,17.9,90,5.8,369,23.7
17,4,2015,All Students,1581,294,555,35.1,616,39.0,308,19.5,102,6.5,410,25.9
17,5,2013,All Students,1688,292,737,43.7,620,36.7,264,15.6,67,4.0,331,19.6
17,5,2014,All Students,1601,292,650,40.6,622,38.9,256,16.0,73,4.6,329,20.5
17,5,2015,All Students,1383,289,610,44.1,554,40.1,177,12.8,42,3.0,219,15.8
17,6,2013,All Students,1966,286,870,44.3,826,42.0,187,9.5,83,4.2,270,13.7
17,6,2014,All Students,1763,291,603,34.2,869,49.3,186,10.6,105,6.0,291,16.5
17,6,2015,All Students,1630,293,573,35.2,694,42.6,212,13.0,151,9.3,363,22.3
17,7,2013,All Students,1979,289,854,43.2,798,40.3,285,14.4,42,2.1,327,16.5
17,7,2014,All Students,1896,286,895,47.2,677,35.7,289,15.2,35,1.8,324,17.1
17,7,2015,All Students,1769,289,784,44.3,648,36.6,283,16.0,54,3.1,337,19.1
17,8,2013,All Students,2093,286,927,44.3,801,38.3,303,14.5,62,3.0,365,17.4
17,8,2014,All Students,1961,289,742,37.8,818,41.7,337,17.2,64,3.3,401,20.4
17,8,2015,All Students,1881,292,643,34.2,796,42.3,374,19.9,68,3.6,442,23.5
17,All Grades,2013,All Students,11222,289,4897,43.6,4407,39.3,1574,14.0,344,3.1,1918,17.1
17,All Grades,2014,All Students,10443,290,4208,40.3,4171,39.9,1670,16.0,394,3.8,2064,19.8
17,All Grades,2015,All Students,9842,291,3863,39.3,3837,39.0,1689,17.2,453,4.6,2142,21.8
18,3,2013,All Students,1398,293,588,42.1,522,37.3,265,19.0,23,1.6,288,20.6
18,3,2014,All Students,1427,291,615,43.1,506,35.5,283,19.8,23,1.6,306,21.4
18,3,2015,All Students,1254,292,532,42.4,456,36.4,231,18.4,35,2.8,266,21.2
18,4,2013,All Students,1541,293,554,36.0,654,42.4,263,17.1,70,4.5,333,21.6
18,4,2014,All Students,1362,294,476,34.9,541,39.7,277,20.3,68,5.0,345,25.3
18,4,2015,All Students,1412,293,496,35.1,588,41.6,253,17.9,75,5.3,328,23.2
18,5,2013,All Students,1576,296,611,38.8,606,38.5,287,18.2,72,4.6,359,22.8
18,5,2014,All Students,1329,293,549,41.3,458,34.5,230,17.3,92,6.9,322,24.2
18,5,2015,All Students,1189,293,471,39.6,441,37.1,213,17.9,64,5.4,277,23.3
18,6,2013,All Students,1393,287,594,42.6,580,41.6,135,9.7,84,6.0,219,15.7
18,6,2014,All Students,1372,290,505,36.8,631,46.0,139,10.1,97,7.1,236,17.2
18,6,2015,All Students,1193,293,448,37.6,458,38.4,157,13.2,130,10.9,287,24.1
18,7,2013,All Students,1444,291,625,43.3,540,37.4,228,15.8,51,3.5,279,19.3
18,7,2014,All Students,1361,289,609,44.7,495,36.4,222,16.3,35,2.6,257,18.9
18,7,2015,All Students,1341,289,580,43.3,507,37.8,229,17.1,25,1.9,254,18.9
18,8,2013,All Students,1480,289,581,39.3,616,41.6,234,15.8,49,3.3,283,19.1
18,8,2014,All Students,1472,292,530,36.0,613,41.6,242,16.4,87,5.9,329,22.4
18,8,2015,All Students,1338,296,392,29.3,575,43.0,283,21.2,88,6.6,371,27.7
18,All Grades,2013,All Students,8832,292,3553,40.2,3518,39.8,1412,16.0,349,4.0,1761,19.9
18,All Grades,2014,All Students,8323,291,3284,39.5,3244,39.0,1393,16.7,402,4.8,1795,21.6
18,All Grades,2015,All Students,7727,293,2919,37.8,3025,39.1,1366,17.7,417,5.4,1783,23.1
19,3,2013,All Students,2038,287,1060,52.0,688,33.8,278,13.6,12,0.6,290,14.2
19,3,2014,All Students,2011,282,1102,54.8,595,29.6,296,14.7,18,0.9,314,15.6
19,3,2015,All Students,1870,285,947,50.6,606,32.4,291,15.6,26,1.4,317,17.0
19,4,2013,All Students,1976,286,897,45.4,785,39.7,233,11.8,61,3.1,294,14.9
19,4,2014,All Students,1939,288,854,44.0,733,37.8,277,14.3,75,3.9,352,18.2
19,4,2015,All Students,1961,286,864,44.1,756,38.6,251,12.8,90,4.6,341,17.4
19,5,2013,All Students,2007,288,951,47.4,723,36.0,275,13.7,58,2.9,333,16.6
19,5,2014,All Students,1826,287,880,48.2,651,35.7,225,12.3,70,3.8,295,16.2
19,5,2015,All Students,1782,288,815,45.7,649,36.4,231,13.0,87,4.9,318,17.8
19,6,2013,All Students,1847,282,903,48.9,717,38.8,143,7.7,84,4.5,227,12.3
19,6,2014,All Students,1816,284,799,44.0,777,42.8,156,8.6,84,4.6,240,13.2
19,6,2015,All Students,1636,282,791,48.3,624,38.1,143,8.7,78,4.8,221,13.5
19,7,2013,All Students,1859,282,965,51.9,666,35.8,195,10.5,33,1.8,228,12.3
19,7,2014,All Students,1847,282,965,52.2,622,33.7,216,11.7,44,2.4,260,14.1
19,7,2015,All Students,1781,278,1025,57.6,541,30.4,185,10.4,30,1.7,215,12.1
19,8,2013,All Students,1883,279,1005,53.4,626,33.2,195,10.4,57,3.0,252,13.4
19,8,2014,All Students,1875,281,919,49.0,693,37.0,214,11.4,49,2.6,263,14.0
19,8,2015,All Students,1800,284,792,44.0,690,38.3,263,14.6,55,3.1,318,17.7
19,All Grades,2013,All Students,11610,284,5781,49.8,4205,36.2,1319,11.4,305,2.6,1624,14.0
19,All Grades,2014,All Students,11314,284,5519,48.8,4071,36.0,1384,12.2,340,3.0,1724,15.2
19,All Grades,2015,All Students,10830,284,5234,48.3,3866,35.7,1364,12.6,366,3.4,1730,16.0
20,3,2013,All Students,3594,305,1052,29.3,1229,34.2,1131,31.5,182,5.1,1313,36.5
20,3,2014,All Students,3745,305,1106,29.5,1130,30.2,1301,34.7,208,5.6,1509,40.3
20,3,2015,All Students,4019,308,1068,26.6,1310,32.6,1294,32.2,347,8.6,1641,40.8
20,4,2013,All Students,3420,305,843,24.6,1327,38.8,800,23.4,450,13.2,1250,36.5
20,4,2014,All Students,3626,307,850,23.4,1279,35.3,951,26.2,546,15.1,1497,41.3
20,4,2015,All Students,3763,308,893,23.7,1308,34.8,908,24.1,654,17.4,1562,41.5
20,5,2013,All Students,3281,307,852,26.0,1126,34.3,861,26.2,442,13.5,1303,39.7
20,5,2014,All Students,3462,307,866,25.0,1221,35.3,841,24.3,534,15.4,1375,39.7
20,5,2015,All Students,3613,307,869,24.1,1268,35.1,923,25.5,553,15.3,1476,40.9
20,6,2013,All Students,3316,301,931,28.1,1340,40.4,549,16.6,496,15.0,1045,31.5
20,6,2014,All Students,3454,305,765,22.1,1471,42.6,580,16.8,638,18.5,1218,35.3
20,6,2015,All Students,3620,309,814,22.5,1268,35.0,704,19.4,834,23.0,1538,42.5
20,7,2013,All Students,3549,303,1031,29.1,1197,33.7,941,26.5,380,10.7,1321,37.2
20,7,2014,All Students,3347,306,814,24.3,1159,34.6,1010,30.2,364,10.9,1374,41.1
20,7,2015,All Students,3487,303,1031,29.6,1123,32.2,1004,28.8,329,9.4,1333,38.2
20,8,2013,All Students,3451,299,988,28.6,1264,36.6,837,24.3,362,10.5,1199,34.7
20,8,2014,All Students,3681,303,914,24.8,1336,36.3,958,26.0,473,12.8,1431,38.9
20,8,2015,All Students,3398,306,721,21.2,1179,34.7,1006,29.6,492,14.5,1498,44.1
20,All Grades,2013,All Students,20611,303,5697,27.6,7483,36.3,5119,24.8,2312,11.2,7431,36.1
20,All Grades,2014,All Students,21315,305,5315,24.9,7596,35.6,5641,26.5,2763,13.0,8404,39.4
20,All Grades,2015,All Students,21900,307,5396,24.6,7456,34.0,5839,26.7,3209,14.7,9048,41.3
21,3,2013,All Students,2078,300,755,36.3,685,33.0,557,26.8,81,3.9,638,30.7
21,3,2014,All Students,2068,301,708,34.2,619,29.9,638,30.9,103,5.0,741,35.8
21,3,2015,All Students,2069,301,690,33.3,688,33.3,577,27.9,114,5.5,691,33.4
21,4,2013,All Students,1877,303,506,27.0,735,39.2,403,21.5,233,12.4,636,33.9
21,4,2014,All Students,2042,304,574,28.1,722,35.4,476,23.3,270,13.2,746,36.5
21,4,2015,All Students,2061,302,611,29.6,708,34.4,486,23.6,256,12.4,742,36.0
21,5,2013,All Students,1839,305,521,28.3,666,36.2,436,23.7,216,11.7,652,35.5
21,5,2014,All Students,1860,303,547,29.4,679,36.5,442,23.8,192,10.3,634,34.1
21,5,2015,All Students,1994,303,610,30.6,705,35.4,436,21.9,243,12.2,679,34.1
21,6,2013,All Students,2641,306,614,23.2,1061,40.2,477,18.1,489,18.5,966,36.6
21,6,2014,All Students,2614,310,453,17.3,1073,41.0,513,19.6,575,22.0,1088,41.6
21,6,2015,All Students,2660,311,493,18.5,971,36.5,540,20.3,656,24.7,1196,45.0
21,7,2013,All Students,2579,307,648,25.1,918,35.6,664,25.7,349,13.5,1013,39.3
21,7,2014,All Students,2610,308,613,23.5,880,33.7,792,30.3,325,12.5,1117,42.8
21,7,2015,All Students,2621,309,555,21.2,863,32.9,880,33.6,323,12.3,1203,45.9
21,8,2013,All Students,2534,304,613,24.2,919,36.3,689,27.2,313,12.4,1002,39.5
21,8,2014,All Students,2624,308,552,21.0,914,34.8,737,28.1,421,16.0,1158,44.1
21,8,2015,All Students,2609,313,381,14.6,895,34.3,850,32.6,483,18.5,1333,51.1
21,All Grades,2013,All Students,13548,304,3657,27.0,4984,36.8,3226,23.8,1681,12.4,4907,36.2
21,All Grades,2014,All Students,13818,306,3447,24.9,4887,35.4,3598,26.0,1886,13.6,5484,39.7
21,All Grades,2015,All Students,14014,307,3340,23.8,4830,34.5,3769,26.9,2075,14.8,5844,41.7
22,3,2013,All Students,2775,302,964,34.7,920,33.2,783,28.2,108,3.9,891,32.1
22,3,2014,All Students,2776,302,874,31.5,938,33.8,854,30.8,110,4.0,964,34.7
22,3,2015,All Students,2781,303,889,32.0,917,33.0,806,29.0,169,6.1,975,35.1
22,4,2013,All Students,2778,303,698,25.1,1144,41.2,644,23.2,292,10.5,936,33.7
22,4,2014,All Students,2693,305,696,25.8,988,36.7,652,24.2,357,13.3,1009,37.5
22,4,2015,All Students,2743,303,725,26.4,1038,37.8,610,22.2,370,13.5,980,35.7
22,5,2013,All Students,2823,305,800,28.3,1044,37.0,679,24.1,300,10.6,979,34.7
22,5,2014,All Students,2715,304,791,29.1,985,36.3,618,22.8,321,11.8,939,34.6
22,5,2015,All Students,2617,303,789,30.1,954,36.5,572,21.9,302,11.5,874,33.4
22,6,2013,All Students,2313,299,659,28.5,990,42.8,326,14.1,338,14.6,664,28.7
22,6,2014,All Students,2207,301,563,25.5,985,44.6,331,15.0,328,14.9,659,29.9
22,6,2015,All Students,2144,304,531,24.8,857,40.0,371,17.3,385,18.0,756,35.3
22,7,2013,All Students,2322,299,716,30.8,935,40.3,530,22.8,141,6.1,671,28.9
22,7,2014,All Students,2288,298,755,33.0,824,36.0,546,23.9,163,7.1,709,31.0
22,7,2015,All Students,2221,298,735,33.1,758,34.1,597,26.9,131,5.9,728,32.8
22,8,2013,All Students,2346,297,742,31.6,946,40.3,482,20.5,176,7.5,658,28.0
22,8,2014,All Students,2390,300,611,25.6,973,40.7,591,24.7,215,9.0,806,33.7
22,8,2015,All Students,2315,304,541,23.4,872,37.7,635,27.4,267,11.5,902,39.0
22,All Grades,2013,All Students,15357,301,4579,29.8,5979,38.9,3444,22.4,1355,8.8,4799,31.2
22,All Grades,2014,All Students,15069,302,4290,28.5,5693,37.8,3592,23.8,1494,9.9,5086,33.8
22,All Grades,2015,All Students,14821,303,4210,28.4,5396,36.4,3591,24.2,1624,11.0,5215,35.2
23,3,2013,All Students,909,282,536,59.0,272,29.9,99,10.9,2,0.2,101,11.1
23,3,2014,All Students,768,280,444,57.8,226,29.4,89,11.6,9,1.2,98,12.8
23,3,2015,All Students,746,278,435,58.3,212,28.4,92,12.3,7,0.9,99,13.3
23,4,2013,All Students,895,279,496,55.4,303,33.9,78,8.7,18,2.0,96,10.7
23,4,2014,All Students,899,281,480,53.4,315,35.0,88,9.8,16,1.8,104,11.6
23,4,2015,All Students,734,278,399,54.4,257,35.0,67,9.1,11,1.5,78,10.6
23,5,2013,All Students,821,280,472,57.5,266,32.4,71,8.6,12,1.5,83,10.1
23,5,2014,All Students,734,278,440,59.9,222,30.2,55,7.5,17,2.3,72,9.8
23,5,2015,All Students,798,277,477,59.8,254,31.8,55,6.9,12,1.5,67,8.4
23,6,2013,All Students,1021,284,456,44.7,428,41.9,101,9.9,36,3.5,137,13.4
23,6,2014,All Students,1007,284,412,40.9,481,47.8,79,7.8,35,3.5,114,11.3
23,6,2015,All Students,855,283,404,47.3,325,38.0,81,9.5,45,5.3,126,14.7
23,7,2013,All Students,1175,285,591,50.3,412,35.1,154,13.1,18,1.5,172,14.6
23,7,2014,All Students,994,285,460,46.3,381,38.3,135,13.6,18,1.8,153,15.4
23,7,2015,All Students,977,281,532,54.5,336,34.4,104,10.6,5,0.5,109,11.2
23,8,2013,All Students,1149,283,535,46.6,448,39.0,147,12.8,19,1.7,166,14.4
23,8,2014,All Students,1158,285,487,42.1,481,41.5,153,13.2,37,3.2,190,16.4
23,8,2015,All Students,975,289,370,37.9,408,41.8,165,16.9,32,3.3,197,20.2
23,All Grades,2013,All Students,5970,283,3086,51.7,2129,35.7,650,10.9,105,1.8,755,12.6
23,All Grades,2014,All Students,5560,283,2723,49.0,2106,37.9,599,10.8,132,2.4,731,13.1
23,All Grades,2015,All Students,5085,281,2617,51.5,1792,35.2,564,11.1,112,2.2,676,13.3
24,3,2013,All Students,4847,300,1680,34.7,1719,35.5,1268,26.2,180,3.7,1448,29.9
24,3,2014,All Students,4860,298,1733,35.7,1601,32.9,1354,27.9,172,3.5,1526,31.4
24,3,2015,All Students,4797,300,1719,35.8,1574,32.8,1226,25.6,278,5.8,1504,31.4
24,4,2013,All Students,4567,299,1367,29.9,1907,41.8,902,19.8,391,8.6,1293,28.3
24,4,2014,All Students,4727,301,1402,29.7,1834,38.8,1013,21.4,478,10.1,1491,31.5
24,4,2015,All Students,4764,302,1316,27.6,1838,38.6,1054,22.1,556,11.7,1610,33.8
24,5,2013,All Students,4351,302,1321,30.4,1653,38.0,996,22.9,381,8.8,1377,31.6
24,5,2014,All Students,4430,300,1476,33.3,1639,37.0,888,20.0,427,9.6,1315,29.7
24,5,2015,All Students,4523,301,1407,31.1,1687,37.3,940,20.8,489,10.8,1429,31.6
24,6,2013,All Students,4012,297,1237,30.8,1736,43.3,589,14.7,450,11.2,1039,25.9
24,6,2014,All Students,3930,299,1035,26.3,1850,47.1,557,14.2,488,12.4,1045,26.6
24,6,2015,All Students,4044,301,1061,26.2,1724,42.6,662,16.4,597,14.8,1259,31.1
24,7,2013,All Students,4064,300,1252,30.8,1622,39.9,918,22.6,272,6.7,1190,29.3
24,7,2014,All Students,4194,300,1249,29.8,1664,39.7,1015,24.2,266,6.3,1281,30.5
24,7,2015,All Students,4047,299,1227,30.3,1541,38.1,1074,26.5,205,5.1,1279,31.6
24,8,2013,All Students,3965,297,1247,31.5,1571,39.6,822,20.7,325,8.2,1147,28.9
24,8,2014,All Students,4151,300,1037,25.0,1754,42.3,914,22.0,446,10.7,1360,32.8
24,8,2015,All Students,4186,303,942,22.5,1675,40.0,1132,27.0,437,10.4,1569,37.5
24,All Grades,2013,All Students,25806,299,8104,31.4,10208,39.6,5495,21.3,1999,7.7,7494,29.0
24,All Grades,2014,All Students,26292,300,7932,30.2,10342,39.3,5741,21.8,2277,8.7,8018,30.5
24,All Grades,2015,All Students,26361,301,7672,29.1,10039,38.1,6088,23.1,2562,9.7,8650,32.8
25,3,2013,All Students,2662,310,652,24.5,910,34.2,941,35.3,159,6.0,1100,41.3
25,3,2014,All Students,2608,309,659,25.3,793,30.4,971,37.2,185,7.1,1156,44.3
25,3,2015,All Students,2700,309,650,24.1,909,33.7,924,34.2,217,8.0,1141,42.3
25,4,2013,All Students,2426,311,446,18.4,934,38.5,692,28.5,354,14.6,1046,43.1
25,4,2014,All Students,2566,311,483,18.8,906,35.3,767,29.9,410,16.0,1177,45.9
25,4,2015,All Students,2587,312,480,18.6,931,36.0,683,26.4,493,19.1,1176,45.5
25,5,2013,All Students,2401,313,500,20.8,829,34.5,697,29.0,375,15.6,1072,44.6
25,5,2014,All Students,2443,310,536,21.9,884,36.2,642,26.3,381,15.6,1023,41.9
25,5,2015,All Students,2531,312,493,19.5,922,36.4,685,27.1,431,17.0,1116,44.1
25,6,2013,All Students,2362,307,471,19.9,1035,43.8,442,18.7,414,17.5,856,36.2
25,6,2014,All Students,2379,308,424,17.8,1034,43.5,451,19.0,470,19.8,921,38.7
25,6,2015,All Students,2436,311,441,18.1,927,38.1,525,21.6,543,22.3,1068,43.8
25,7,2013,All Students,2499,307,588,23.5,916,36.7,738,29.5,257,10.3,995,39.8
25,7,2014,All Students,2397,305,623,26.0,837,34.9,681,28.4,256,10.7,937,39.1
25,7,2015,All Students,2410,305,573,23.8,873,36.2,766,31.8,198,8.2,964,40.0
25,8,2013,All Students,2437,304,550,22.6,926,38.0,676,27.7,285,11.7,961,39.4
25,8,2014,All Students,2523,307,493,19.5,935,37.1,726,28.8,369,14.6,1095,43.4
25,8,2015,All Students,2399,307,449,18.7,903,37.6,698,29.1,349,14.5,1047,43.6
25,All Grades,2013,All Students,14787,309,3207,21.7,5550,37.5,4186,28.3,1844,12.5,6030,40.8
25,All Grades,2014,All Students,14916,308,3218,21.6,5389,36.1,4238,28.4,2071,13.9,6309,42.3
25,All Grades,2015,All Students,15063,309,3086,20.5,5465,36.3,4281,28.4,2231,14.8,6512,43.2
26,3,2013,All Students,1763,322,218,12.4,515,29.2,831,47.1,199,11.3,1030,58.4
26,3,2014,All Students,1671,320,219,13.1,467,27.9,826,49.4,159,9.5,985,58.9
26,3,2015,All Students,1680,322,233,13.9,455,27.1,739,44.0,253,15.1,992,59.0
26,4,2013,All Students,1682,322,167,9.9,576,34.2,505,30.0,434,25.8,939,55.8
26,4,2014,All Students,1809,322,167,9.2,531,29.4,678,37.5,433,23.9,1111,61.4
26,4,2015,All Students,1678,322,175,10.4,541,32.2,522,31.1,440,26.2,962,57.3
26,5,2013,All Students,1683,326,165,9.8,478,28.4,612,36.4,428,25.4,1040,61.8
26,5,2014,All Students,1722,321,212,12.3,547,31.8,569,33.0,394,22.9,963,55.9
26,5,2015,All Students,1818,324,184,10.1,557,30.6,583,32.1,494,27.2,1077,59.2
26,6,2013,All Students,1833,319,193,10.5,704,38.4,429,23.4,507,27.7,936,51.1
26,6,2014,All Students,1908,319,178,9.3,747,39.2,415,21.8,568,29.8,983,51.5
26,6,2015,All Students,1867,324,174,9.3,581,31.1,446,23.9,666,35.7,1112,59.6
26,7,2013,All Students,1926,319,238,12.4,652,33.9,717,37.2,319,16.6,1036,53.8
26,7,2014,All Students,1844,318,215,11.7,592,32.1,714,38.7,323,17.5,1037,56.2
26,7,2015,All Students,1868,317,253,13.5,579,31.0,744,39.8,292,15.6,1036,55.5
26,8,2013,All Students,1868,318,216,11.6,627,33.6,613,32.8,412,22.1,1025,54.9
26,8,2014,All Students,1956,319,188,9.6,648,33.1,690,35.3,430,22.0,1120,57.3
26,8,2015,All Students,1876,320,179,9.5,564,30.1,708,37.7,425,22.7,1133,60.4
26,All Grades,2013,All Students,10755,321,1197,11.1,3552,33.0,3707,34.5,2299,21.4,6006,55.8
26,All Grades,2014,All Students,10910,320,1179,10.8,3532,32.4,3892,35.7,2307,21.1,6199,56.8
26,All Grades,2015,All Students,10787,321,1198,11.1,3277,30.4,3742,34.7,2570,23.8,6312,58.5
27,3,2013,All Students,3496,300,1193,34.1,1283,36.7,908,26.0,112,3.2,1020,29.2
27,3,2014,All Students,3506,297,1292,36.9,1171,33.4,933,26.6,110,3.1,1043,29.7
27,3,2015,All Students,3470,298,1271,36.6,1225,35.3,840,24.2,134,3.9,974,28.1
27,4,2013,All Students,3553,300,1104,31.1,1480,41.7,656,18.5,313,8.8,969,27.3
27,4,2014,All Students,3477,299,1050,30.2,1364,39.2,757,21.8,306,8.8,1063,30.6
27,4,2015,All Students,3461,298,1070,30.9,1365,39.4,752,21.7,274,7.9,1026,29.6
27,5,2013,All Students,3458,301,1115,32.2,1319,38.1,753,21.8,271,7.8,1024,29.6
27,5,2014,All Students,3584,297,1335,37.2,1318,36.8,602,16.8,329,9.2,931,26.0
27,5,2015,All Students,3450,299,1143,33.1,1287,37.3,705,20.4,315,9.1,1020,29.6
27,6,2013,All Students,3742,296,1150,30.7,1696,45.3,496,13.3,400,10.7,896,23.9
27,6,2014,All Students,3609,295,1066,29.5,1687,46.7,479,13.3,377,10.4,856,23.7
27,6,2015,All Students,3654,299,1076,29.4,1506,41.2,560,15.3,512,14.0,1072,29.3
27,7,2013,All Students,3618,297,1212,33.5,1458,40.3,753,20.8,195,5.4,948,26.2
27,7,2014,All Students,3729,296,1267,34.0,1435,38.5,813,21.8,214,5.7,1027,27.5
27,7,2015,All Students,3570,296,1298,36.4,1252,35.1,830,23.2,190,5.3,1020,28.6
27,8,2013,All Students,3634,293,1313,36.1,1378,37.9,673,18.5,270,7.4,943,25.9
27,8,2014,All Students,3644,299,1011,27.7,1470,40.3,853,23.4,310,8.5,1163,31.9
27,8,2015,All Students,3692,299,1028,27.8,1434,38.8,886,24.0,344,9.3,1230,33.3
27,All Grades,2013,All Students,21501,298,7087,33.0,8614,40.1,4239,19.7,1561,7.3,5800,27.0
27,All Grades,2014,All Students,21549,297,7021,32.6,8445,39.2,4437,20.6,1646,7.6,6083,28.2
27,All Grades,2015,All Students,21297,298,6886,32.3,8069,37.9,4573,21.5,1769,8.3,6342,29.8
28,3,2013,All Students,2646,301,878,33.2,912,34.5,750,28.3,106,4.0,856,32.4
28,3,2014,All Students,2647,298,993,37.5,789,29.8,754,28.5,111,4.2,865,32.7
28,3,2015,All Students,2703,303,887,32.8,875,32.4,767,28.4,174,6.4,941,34.8
28,4,2013,All Students,2634,300,782,29.7,1078,40.9,508,19.3,266,10.1,774,29.4
28,4,2014,All Students,2541,304,682,26.8,948,37.3,578,22.7,333,13.1,911,35.9
28,4,2015,All Students,2619,301,775,29.6,953,36.4,539,20.6,352,13.4,891,34.0
28,5,2013,All Students,2510,302,842,33.5,859,34.2,522,20.8,287,11.4,809,32.2
28,5,2014,All Students,2564,299,866,33.8,916,35.7,529,20.6,253,9.9,782,30.5
28,5,2015,All Students,2463,303,759,30.8,846,34.3,532,21.6,326,13.2,858,34.8
28,6,2013,All Students,2394,299,725,30.3,978,40.9,343,14.3,348,14.5,691,28.9
28,6,2014,All Students,2373,302,619,26.1,973,41.0,384,16.2,397,16.7,781,32.9
28,6,2015,All Students,2385,303,597,25.0,962,40.3,398,16.7,428,17.9,826,34.6
28,7,2013,All Students,2420,298,806,33.3,930,38.4,497,20.5,187,7.7,684,28.3
28,7,2014,All Students,2323,298,763,32.8,831,35.8,564,24.3,165,7.1,729,31.4
28,7,2015,All Students,2351,299,779,33.1,785,33.4,616,26.2,171,7.3,787,33.5
28,8,2013,All Students,2300,296,747,32.5,839,36.5,517,22.5,197,8.6,714,31.0
28,8,2014,All Students,2459,299,704,28.6,942,38.3,546,22.2,267,10.9,813,33.1
28,8,2015,All Students,2352,302,570,24.2,877,37.3,663,28.2,242,10.3,905,38.5
28,All Grades,2013,All Students,14904,300,4780,32.1,5596,37.5,3137,21.0,1391,9.3,4528,30.4
28,All Grades,2014,All Students,14907,300,4627,31.0,5399,36.2,3355,22.5,1526,10.2,4881,32.7
28,All Grades,2015,All Students,14873,302,4367,29.4,5298,35.6,3515,23.6,1693,11.4,5208,35.0
29,3,2013,All Students,2521,298,924,36.7,883,35.0,650,25.8,64,2.5,714,28.3
29,3,2014,All Students,2458,295,957,38.9,832,33.8,600,24.4,69,2.8,669,27.2
29,3,2015,All Students,2472,300,842,34.1,878,35.5,642,26.0,110,4.4,752,30.4
29,4,2013,All Students,2498,298,764,30.6,1071,42.9,479,19.2,184,7.4,663,26.5
29,4,2014,All Students,2427,298,764,31.5,927,38.2,526,21.7,210,8.7,736,30.3
29,4,2015,All Students,2370,301,648,27.3,975,41.1,496,20.9,251,10.6,747,31.5
29,5,2013,All Students,2573,298,919,35.7,1005,39.1,478,18.6,171,6.6,649,25.2
29,5,2014,All Students,2440,298,827,33.9,948,38.9,500,20.5,165,6.8,665,27.3
29,5,2015,All Students,2363,300,733,31.0,923,39.1,484,20.5,223,9.4,707,29.9
29,6,2013,All Students,2400,288,944,39.3,1094,45.6,232,9.7,130,5.4,362,15.1
29,6,2014,All Students,2228,290,763,34.2,1105,49.6,220,9.9,140,6.3,360,16.2
29,6,2015,All Students,2175,292,741,34.1,992,45.6,299,13.7,143,6.6,442,20.3
29,7,2013,All Students,2498,290,1050,42.0,1045,41.8,337,13.5,66,2.6,403,16.1
29,7,2014,All Students,2416,288,1060,43.9,945,39.1,367,15.2,44,1.8,411,17.0
29,7,2015,All Students,2225,286,1058,47.6,820,36.9,311,14.0,36,1.6,347,15.6
29,8,2013,All Students,2518,289,979,38.9,1070,42.5,385,15.3,84,3.3,469,18.6
29,8,2014,All Students,2501,291,916,36.6,1026,41.0,451,18.0,108,4.3,559,22.4
29,8,2015,All Students,2402,292,808,33.6,1048,43.6,468,19.5,78,3.2,546,22.7
29,All Grades,2013,All Students,15008,294,5580,37.2,6168,41.1,2561,17.1,699,4.7,3260,21.7
29,All Grades,2014,All Students,14470,293,5287,36.5,5783,40.0,2664,18.4,736,5.1,3400,23.5
29,All Grades,2015,All Students,14007,295,4830,34.5,5636,40.2,2700,19.3,841,6.0,3541,25.3
30,3,2013,All Students,2931,302,1014,34.6,1002,34.2,763,26.0,152,5.2,915,31.2
30,3,2014,All Students,3022,300,1011,33.5,983,32.5,882,29.2,146,4.8,1028,34.0
30,3,2015,All Students,3031,303,973,32.1,1015,33.5,832,27.4,211,7.0,1043,34.4
30,4,2013,All Students,3013,301,902,29.9,1240,41.2,558,18.5,313,10.4,871,28.9
30,4,2014,All Students,2821,301,825,29.2,1047,37.1,608,21.6,341,12.1,949,33.6
30,4,2015,All Students,2970,301,860,29.0,1142,38.5,627,21.1,341,11.5,968,32.6
30,5,2013,All Students,2983,304,871,29.2,1117,37.4,689,23.1,306,10.3,995,33.4
30,5,2014,All Students,3069,300,1012,33.0,1131,36.9,609,19.8,317,10.3,926,30.2
30,5,2015,All Students,2821,303,839,29.7,1012,35.9,601,21.3,369,13.1,970,34.4
30,6,2013,All Students,3264,300,868,26.6,1522,46.6,511,15.7,363,11.1,874,26.8
30,6,2014,All Students,3261,300,822,25.2,1535,47.1,491,15.1,413,12.7,904,27.7
30,6,2015,All Students,3268,303,827,25.3,1342,41.1,570,17.4,529,16.2,1099,33.6
30,7,2013,All Students,3144,303,863,27.4,1252,39.8,741,23.6,288,9.2,1029,32.7
30,7,2014,All Students,3130,300,895,28.6,1265,40.4,723,23.1,247,7.9,970,31.0
30,7,2015,All Students,3107,301,910,29.3,1158,37.3,806,25.9,233,7.5,1039,33.4
30,8,2013,All Students,2956,298,885,29.9,1142,38.6,673,22.8,256,8.7,929,31.4
30,8,2014,All Students,3181,302,759,23.9,1307,41.1,768,24.1,347,10.9,1115,35.1
30,8,2015,All Students,3129,304,629,20.1,1304,41.7,848,27.1,348,11.1,1196,38.2
30,All Grades,2013,All Students,18291,301,5403,29.5,7275,39.8,3935,21.5,1678,9.2,5613,30.7
30,All Grades,2014,All Students,18484,301,5324,28.8,7268,39.3,4081,22.1,1811,9.8,5892,31.9
30,All Grades,2015,All Students,18326,303,5038,27.5,6973,38.0,4284,23.4,2031,11.1,6315,34.5
31,3,2013,All Students,4610,303,1453,31.5,1645,35.7,1339,29.0,173,3.8,1512,32.8
31,3,2014,All Students,4510,301,1484,32.9,1415,31.4,1391,30.8,220,4.9,1611,35.7
31,3,2015,All Students,4591,302,1495,32.6,1485,32.3,1313,28.6,298,6.5,1611,35.1
31,4,2013,All Students,4709,301,1309,27.8,1892,40.2,1060,22.5,448,9.5,1508,32.0
31,4,2014,All Students,4534,303,1204,26.6,1737,38.3,1075,23.7,518,11.4,1593,35.1
31,4,2015,All Students,4443,304,1173,26.4,1645,37.0,1026,23.1,599,13.5,1625,36.6
31,5,2013,All Students,4608,303,1334,28.9,1729,37.5,1110,24.1,435,9.4,1545,33.5
31,5,2014,All Students,4714,302,1370,29.1,1793,38.0,1050,22.3,501,10.6,1551,32.9
31,5,2015,All Students,4497,303,1283,28.5,1694,37.7,999,22.2,521,11.6,1520,33.8
31,6,2013,All Students,4096,299,1184,28.9,1767,43.1,621,15.2,524,12.8,1145,28.0
31,6,2014,All Students,4236,303,919,21.7,1912,45.1,754,17.8,651,15.4,1405,33.2
31,6,2015,All Students,4300,305,986,22.9,1739,40.4,785,18.3,790,18.4,1575,36.6
31,7,2013,All Students,4274,301,1255,29.4,1702,39.8,1035,24.2,282,6.6,1317,30.8
31,7,2014,All Students,4092,300,1221,29.8,1559,38.1,1017,24.9,295,7.2,1312,32.1
31,7,2015,All Students,4228,302,1149,27.2,1481,35.0,1280,30.3,318,7.5,1598,37.8
31,8,2013,All Students,4213,300,1153,27.4,1689,40.1,970,23.0,401,9.5,1371,32.5
31,8,2014,All Students,4294,302,995,23.2,1748,40.7,1139,26.5,412,9.6,1551,36.1
31,8,2015,All Students,4043,306,831,20.6,1467,36.3,1231,30.4,514,12.7,1745,43.2
31,All Grades,2013,All Students,26510,301,7688,29.0,10424,39.3,6135,23.1,2263,8.5,8398,31.7
31,All Grades,2014,All Students,26380,302,7193,27.3,10164,38.5,6426,24.4,2597,9.8,9023,34.2
31,All Grades,2015,All Students,26102,304,6917,26.5,9511,36.4,6634,25.4,3040,11.6,9674,37.1
32,3,2013,All Students,1256,288,628,50.0,432,34.4,184,14.6,12,1.0,196,15.6
32,3,2014,All Students,1104,285,563,51.0,374,33.9,157,14.2,10,0.9,167,15.1
32,3,2015,All Students,1034,286,514,49.7,366,35.4,139,13.4,15,1.5,154,14.9
32,4,2013,All Students,1145,285,540,47.2,447,39.0,125,10.9,33,2.9,158,13.8
32,4,2014,All Students,1149,284,561,48.8,389,33.9,166,14.4,33,2.9,199,17.3
32,4,2015,All Students,1031,285,463,44.9,410,39.8,126,12.2,32,3.1,158,15.3
32,5,2013,All Students,1193,288,585,49.0,430,36.0,137,11.5,41,3.4,178,14.9
32,5,2014,All Students,1112,287,537,48.3,367,33.0,159,14.3,49,4.4,208,18.7
32,5,2015,All Students,1068,286,521,48.8,368,34.5,138,12.9,41,3.8,179,16.8
32,6,2013,All Students,1336,287,562,42.1,559,41.8,150,11.2,65,4.9,215,16.1
32,6,2014,All Students,1205,288,460,38.2,546,45.3,129,10.7,70,5.8,199,16.5
32,6,2015,All Students,1108,292,432,39.0,415,37.5,153,13.8,108,9.7,261,23.6
32,7,2013,All Students,1290,287,602,46.7,459,35.6,188,14.6,41,3.2,229,17.8
32,7,2014,All Students,1251,287,557,44.5,457,36.5,213,17.0,24,1.9,237,18.9
32,7,2015,All Students,1170,288,521,44.5,418,35.7,200,17.1,31,2.6,231,19.7
32,8,2013,All Students,1287,283,622,48.3,446,34.7,168,13.1,51,4.0,219,17.0
32,8,2014,All Students,1228,290,462,37.6,510,41.5,198,16.1,58,4.7,256,20.8
32,8,2015,All Students,1201,293,391,32.6,511,42.5,246,20.5,53,4.4,299,24.9
32,All Grades,2013,All Students,7507,286,3539,47.1,2773,36.9,952,12.7,243,3.2,1195,15.9
32,All Grades,2014,All Students,7049,287,3140,44.5,2643,37.5,1022,14.5,244,3.5,1266,18.0
32,All Grades,2015,All Students,6612,289,2842,43.0,2488,37.6,1002,15.2,280,4.2,1282,19.4